"","country","psnu"
"1","Angola","_Military Angola"
"2","Angola","Benguela"
"3","Angola","Cunene"
"4","Angola","Huambo"
"5","Angola","Luanda"
"6","Angola","Lunda Sul"
"7","Angola",NA
"8","Barbados","Barbados"
"9","Barbados",NA
"10","Benin","Atlantique"
"11","Benin","Benin PSNU Placeholder"
"12","Benin","Couffo"
"13","Benin","Littoral"
"14","Benin","Mono"
"15","Benin",NA
"16","Botswana","_Military Botswana"
"17","Botswana","Bobirwa District"
"18","Botswana","Boteti District"
"19","Botswana","Charleshill District"
"20","Botswana","Chobe District"
"21","Botswana","Data reported above PSNU Level"
"22","Botswana","Francistown District"
"23","Botswana","Gaborone District"
"24","Botswana","Gantsi District"
"25","Botswana","Goodhope District"
"26","Botswana","Jwaneng District"
"27","Botswana","Kgalagadi North District"
"28","Botswana","Kgalagadi South District"
"29","Botswana","Kgatleng District"
"30","Botswana","Kweneng East District"
"31","Botswana","Kweneng West District"
"32","Botswana","Lobatse District"
"33","Botswana","Mabutsane District"
"34","Botswana","Mahalapye District"
"35","Botswana","Moshupa District"
"36","Botswana","Ngamiland District"
"37","Botswana","North East District"
"38","Botswana","Okavango District"
"39","Botswana","Palapye District"
"40","Botswana","Selibe Phikwe District"
"41","Botswana","Serowe District"
"42","Botswana","South East District"
"43","Botswana","Southern District"
"44","Botswana","Tutume District"
"45","Botswana",NA
"46","Brazil","Ananindeua"
"47","Brazil","Aparecida de Goiânia"
"48","Brazil","Aracaju"
"49","Brazil","Belém"
"50","Brazil","Belford Roxo"
"51","Brazil","Belo Horizonte"
"52","Brazil","Boa Vista"
"53","Brazil","Botucatu"
"54","Brazil","Brasília"
"55","Brazil","Campinas"
"56","Brazil","Campo Grande"
"57","Brazil","Campos dos Goytacazes"
"58","Brazil","Caxias do Sul"
"59","Brazil","Chapecó"
"60","Brazil","Contagem"
"61","Brazil","Cuiabá"
"62","Brazil","Curitiba"
"63","Brazil","Data reported above PSNU Level"
"64","Brazil","Duque de Caxias"
"65","Brazil","Feira de Santana"
"66","Brazil","Florianópolis"
"67","Brazil","Fortaleza"
"68","Brazil","Foz do Iguaçu"
"69","Brazil","Goiânia"
"70","Brazil","Guarulhos"
"71","Brazil","Imperatriz"
"72","Brazil","Itajaí"
"73","Brazil","Jaboatão dos Guararapes"
"74","Brazil","João Pessoa"
"75","Brazil","Joinville"
"76","Brazil","Juiz de Fora"
"77","Brazil","Londrina"
"78","Brazil","Macapá"
"79","Brazil","Maceió"
"80","Brazil","Manaus"
"81","Brazil","Marília"
"82","Brazil","Maringá"
"83","Brazil","Natal"
"84","Brazil","Niterói"
"85","Brazil","Nova Iguaçu"
"86","Brazil","Osasco"
"87","Brazil","Palmas"
"88","Brazil","Porto Alegre"
"89","Brazil","Porto Velho"
"90","Brazil","Presidente Prudente"
"91","Brazil","Recife"
"92","Brazil","Ribeirão Preto"
"93","Brazil","Rio Branco"
"94","Brazil","Rio Claro"
"95","Brazil","Rio de Janeiro"
"96","Brazil","Rio Grande"
"97","Brazil","Salvador"
"98","Brazil","Santo André"
"99","Brazil","Santos"
"100","Brazil","São Bernardo do Campo"
"101","Brazil","São Gonçalo"
"102","Brazil","São José do Rio Preto"
"103","Brazil","São José dos Campos"
"104","Brazil","São Leopoldo"
"105","Brazil","São Luís"
"106","Brazil","São Paulo"
"107","Brazil","Serra"
"108","Brazil","Sorocaba"
"109","Brazil","Taubaté"
"110","Brazil","Teresina"
"111","Brazil","Uberlândia"
"112","Brazil","Uruguaiana"
"113","Brazil","Vitória"
"114","Brazil","Vitória da Conquista"
"115","Brazil",NA
"116","Burkina Faso","Boucle du Mouhoun"
"117","Burkina Faso","Centre"
"118","Burkina Faso","Centre Ouest"
"119","Burkina Faso","Centre-Est"
"120","Burkina Faso","Centre-Nord"
"121","Burkina Faso","Data reported above PSNU Level"
"122","Burkina Faso","Est"
"123","Burkina Faso","Hauts Bassins"
"124","Burkina Faso","Nord"
"125","Burkina Faso","Sahel"
"126","Burkina Faso","Sud-Ouest"
"127","Burkina Faso",NA
"128","Burma","Ayeyarwady"
"129","Burma","Bago"
"130","Burma","Kachin"
"131","Burma","Mandalay"
"132","Burma","Sagaing"
"133","Burma","Shan(North)"
"134","Burma","Yangon"
"135","Burma",NA
"136","Burundi","_Military Burundi"
"137","Burundi","Bubanza"
"138","Burundi","Bujumbura"
"139","Burundi","Bujumbura Mairie"
"140","Burundi","Bururi"
"141","Burundi","Cankuzo"
"142","Burundi","Cibitoke"
"143","Burundi","Data reported above PSNU Level"
"144","Burundi","Gitega"
"145","Burundi","Karusi"
"146","Burundi","Kayanza"
"147","Burundi","Kirundo"
"148","Burundi","Makamba"
"149","Burundi","Muramvya"
"150","Burundi","Muyinga"
"151","Burundi","Mwaro"
"152","Burundi","Ngozi"
"153","Burundi","Rumonge"
"154","Burundi","Rutana"
"155","Burundi","Ruyigi"
"156","Burundi",NA
"157","Cameroon","_Military Cameroon"
"158","Cameroon","Adamaoua"
"159","Cameroon","Centre"
"160","Cameroon","Data reported above PSNU Level"
"161","Cameroon","Est"
"162","Cameroon","Extreme Nord"
"163","Cameroon","Littoral"
"164","Cameroon","Nord"
"165","Cameroon","Nord Ouest"
"166","Cameroon","Ouest"
"167","Cameroon","Sud"
"168","Cameroon","Sud Ouest"
"169","Cameroon",NA
"170","Colombia","Colombia"
"171","Colombia",NA
"172","Cote d'Ivoire","_Military Cote d'Ivoire"
"173","Cote d'Ivoire","Abidjan 1"
"174","Cote d'Ivoire","Abidjan 2"
"175","Cote d'Ivoire","Agneby-Tiassa"
"176","Cote d'Ivoire","Bafing"
"177","Cote d'Ivoire","Bagoue"
"178","Cote d'Ivoire","Belier"
"179","Cote d'Ivoire","Bere"
"180","Cote d'Ivoire","Bounkani"
"181","Cote d'Ivoire","Cavally"
"182","Cote d'Ivoire","Data reported above PSNU Level"
"183","Cote d'Ivoire","Folon"
"184","Cote d'Ivoire","Gbeke"
"185","Cote d'Ivoire","Gbokle"
"186","Cote d'Ivoire","Goh"
"187","Cote d'Ivoire","Gontougo"
"188","Cote d'Ivoire","Grand Ponts"
"189","Cote d'Ivoire","Guemon"
"190","Cote d'Ivoire","Hambol"
"191","Cote d'Ivoire","Haut-Sassandra"
"192","Cote d'Ivoire","Iffou"
"193","Cote d'Ivoire","Indenie-Djuablin"
"194","Cote d'Ivoire","Kabadougou"
"195","Cote d'Ivoire","Loh-Djiboua"
"196","Cote d'Ivoire","Marahoue"
"197","Cote d'Ivoire","Me"
"198","Cote d'Ivoire","Moronou"
"199","Cote d'Ivoire","N'zi"
"200","Cote d'Ivoire","Nawa"
"201","Cote d'Ivoire","Poro"
"202","Cote d'Ivoire","San-Pedro"
"203","Cote d'Ivoire","Sud-Comoe"
"204","Cote d'Ivoire","Tchologo"
"205","Cote d'Ivoire","Tonkpi"
"206","Cote d'Ivoire","Worodougou"
"207","Cote d'Ivoire",NA
"208","Democratic Republic of the Congo","_Military Democratic Republic of the Congo"
"209","Democratic Republic of the Congo","Aru"
"210","Democratic Republic of the Congo","Banalia"
"211","Democratic Republic of the Congo","Bandalungwa"
"212","Democratic Republic of the Congo","Barumbu"
"213","Democratic Republic of the Congo","Bilomba"
"214","Democratic Republic of the Congo","Binza Meteo"
"215","Democratic Republic of the Congo","Binza Ozone"
"216","Democratic Republic of the Congo","Bonzola"
"217","Democratic Republic of the Congo","Bunkeya"
"218","Democratic Republic of the Congo","Data reported above PSNU Level"
"219","Democratic Republic of the Congo","Dilala"
"220","Democratic Republic of the Congo","Dilolo"
"221","Democratic Republic of the Congo","Fungurume"
"222","Democratic Republic of the Congo","Gombe"
"223","Democratic Republic of the Congo","Kafakumba"
"224","Democratic Republic of the Congo","Kafubu"
"225","Democratic Republic of the Congo","Kalamba"
"226","Democratic Republic of the Congo","Kalemie"
"227","Democratic Republic of the Congo","Kalonda Ouest"
"228","Democratic Republic of the Congo","Kamalondo"
"229","Democratic Republic of the Congo","Kamana"
"230","Democratic Republic of the Congo","Kambove"
"231","Democratic Republic of the Congo","Kampemba"
"232","Democratic Republic of the Congo","Kampene"
"233","Democratic Republic of the Congo","Kamwesha"
"234","Democratic Republic of the Congo","Kanzala"
"235","Democratic Republic of the Congo","Kanzenze"
"236","Democratic Republic of the Congo","Kapanga"
"237","Democratic Republic of the Congo","Kapolowe"
"238","Democratic Republic of the Congo","Kasaji"
"239","Democratic Republic of the Congo","Kasenga"
"240","Democratic Republic of the Congo","Kashobwe"
"241","Democratic Republic of the Congo","Katuba"
"242","Democratic Republic of the Congo","Kayna"
"243","Democratic Republic of the Congo","Kenya"
"244","Democratic Republic of the Congo","Kikimi"
"245","Democratic Republic of the Congo","Kikula"
"246","Democratic Republic of the Congo","Kilela Balanda"
"247","Democratic Republic of the Congo","Kilwa"
"248","Democratic Republic of the Congo","Kimbanseke"
"249","Democratic Republic of the Congo","Kingabwa"
"250","Democratic Republic of the Congo","Kingasani"
"251","Democratic Republic of the Congo","Kinshasa"
"252","Democratic Republic of the Congo","Kipushi"
"253","Democratic Republic of the Congo","Kisanga"
"254","Democratic Republic of the Congo","Kowe"
"255","Democratic Republic of the Congo","Likasi"
"256","Democratic Republic of the Congo","Limete"
"257","Democratic Republic of the Congo","Lingwala"
"258","Democratic Republic of the Congo","Lualaba"
"259","Democratic Republic of the Congo","Lubudi"
"260","Democratic Republic of the Congo","Lubumbashi"
"261","Democratic Republic of the Congo","Lukafu"
"262","Democratic Republic of the Congo","Manika"
"263","Democratic Republic of the Congo","Masina 1"
"264","Democratic Republic of the Congo","Masina 2"
"265","Democratic Republic of the Congo","Matete"
"266","Democratic Republic of the Congo","Mitwaba"
"267","Democratic Republic of the Congo","Mont Ngafula 1"
"268","Democratic Republic of the Congo","Mufunga Sampwe"
"269","Democratic Republic of the Congo","Mumbunda"
"270","Democratic Republic of the Congo","Mutshatsha"
"271","Democratic Republic of the Congo","Ndjili"
"272","Democratic Republic of the Congo","Ngaba"
"273","Democratic Republic of the Congo","Nsele"
"274","Democratic Republic of the Congo","Panda"
"275","Democratic Republic of the Congo","Pweto"
"276","Democratic Republic of the Congo","Ruashi"
"277","Democratic Republic of the Congo","Ruashi (duplicate: to-delete)"
"278","Democratic Republic of the Congo","Sakania"
"279","Democratic Republic of the Congo","Sandoa"
"280","Democratic Republic of the Congo","Tshamilemba"
"281","Democratic Republic of the Congo",NA
"282","Dominican Republic","Azua"
"283","Dominican Republic","Barahona"
"284","Dominican Republic","Dajabon"
"285","Dominican Republic","Distrito Nacional"
"286","Dominican Republic","Duarte"
"287","Dominican Republic","El Seibo"
"288","Dominican Republic","Elias Piña"
"289","Dominican Republic","Espaillat"
"290","Dominican Republic","Hato Mayor del Rey"
"291","Dominican Republic","Hermanas Mirabal"
"292","Dominican Republic","Independencia"
"293","Dominican Republic","La Altagracia"
"294","Dominican Republic","La Romana"
"295","Dominican Republic","La Vega"
"296","Dominican Republic","Maria Trinidad Sanchez"
"297","Dominican Republic","Monseñor Nouel"
"298","Dominican Republic","Monte Cristi"
"299","Dominican Republic","Monte Plata"
"300","Dominican Republic","Pedernales"
"301","Dominican Republic","Peravia"
"302","Dominican Republic","Puerto Plata"
"303","Dominican Republic","Samana"
"304","Dominican Republic","San Cristobal"
"305","Dominican Republic","San Jose de Ocoa"
"306","Dominican Republic","San Juan"
"307","Dominican Republic","San Pedro de Macoris"
"308","Dominican Republic","Sanchez Ramirez"
"309","Dominican Republic","Santiago"
"310","Dominican Republic","Santiago Rodriguez"
"311","Dominican Republic","Santo Domingo"
"312","Dominican Republic","Valverde"
"313","Dominican Republic",NA
"314","El Salvador","_Military El Salvador"
"315","El Salvador","El Salvador"
"316","El Salvador",NA
"317","Eswatini","_Military Eswatini"
"318","Eswatini","Data reported above PSNU Level"
"319","Eswatini","Hhohho"
"320","Eswatini","Lubombo"
"321","Eswatini","Manzini"
"322","Eswatini","Shiselweni"
"323","Eswatini",NA
"324","Ethiopia","_Military Ethiopia"
"325","Ethiopia","Adama Town"
"326","Ethiopia","Addis Ketema"
"327","Ethiopia","Afder"
"328","Ethiopia","Agaro Town"
"329","Ethiopia","Akaki Kality"
"330","Ethiopia","Alaba Sp. Woreda"
"331","Ethiopia","Amaro Sp. Zone"
"332","Ethiopia","Ambo Town"
"333","Ethiopia","Angewak"
"334","Ethiopia","Arada"
"335","Ethiopia","Ari"
"336","Ethiopia","Arsi"
"337","Ethiopia","Asela Town"
"338","Ethiopia","Assosa"
"339","Ethiopia","Assosa Town"
"340","Ethiopia","Awi"
"341","Ethiopia","Awsi (Zone 1)"
"342","Ethiopia","Bahir Dar Sp. Zone"
"343","Ethiopia","Bale"
"344","Ethiopia","Basketo Sp. Woreda"
"345","Ethiopia","Batu Town"
"346","Ethiopia","Bench Sheko"
"347","Ethiopia","Bishoftu Town"
"348","Ethiopia","Bole"
"349","Ethiopia","Borena"
"350","Ethiopia","Bule Hora Town"
"351","Ethiopia","Buno Bedele"
"352","Ethiopia","Burji Sp. Zone"
"353","Ethiopia","Central Gondar"
"354","Ethiopia","Central Sidama"
"355","Ethiopia","Central Tigray"
"356","Ethiopia","Data reported above PSNU Level"
"357","Ethiopia","Dawo"
"358","Ethiopia","Dawuro"
"359","Ethiopia","Debre Birhan Town"
"360","Ethiopia","Debre Markos Town"
"361","Ethiopia","Debre Tabor Town"
"362","Ethiopia","Dereashe Sp. Zone"
"363","Ethiopia","Dese Town"
"364","Ethiopia","Dire Dawa Town"
"365","Ethiopia","Dodola Town"
"366","Ethiopia","Dollo (Warder)"
"367","Ethiopia","East Bale"
"368","Ethiopia","East Borena"
"369","Ethiopia","East Gojam"
"370","Ethiopia","East Gurage"
"371","Ethiopia","East Hararge"
"372","Ethiopia","East Shewa"
"373","Ethiopia","East Welega"
"374","Ethiopia","Eastern Sidama"
"375","Ethiopia","Eastern Tigray"
"376","Ethiopia","Erer"
"377","Ethiopia","Etang Spe. Woreda"
"378","Ethiopia","Fafen (Jijiga)"
"379","Ethiopia","Fanti (Zone 4)"
"380","Ethiopia","Gabi (Zone 3)"
"381","Ethiopia","Gambella Town"
"382","Ethiopia","Gamo"
"383","Ethiopia","Gedeo"
"384","Ethiopia","Gilgel Beles Town"
"385","Ethiopia","Goffa"
"386","Ethiopia","Gondar Town"
"387","Ethiopia","Guji"
"388","Ethiopia","Gulele"
"389","Ethiopia","Gurage"
"390","Ethiopia","Hadiya"
"391","Ethiopia","Harari"
"392","Ethiopia","Harri (Zone 5)"
"393","Ethiopia","Hawassa Town"
"394","Ethiopia","Holota Town"
"395","Ethiopia","Horo Gudru Welega"
"396","Ethiopia","Ilu Aba Bora"
"397","Ethiopia","Jerer (Degahabur)"
"398","Ethiopia","Jimma"
"399","Ethiopia","Jimma Town"
"400","Ethiopia","Kamashi Town"
"401","Ethiopia","Kebena Special Woreda"
"402","Ethiopia","Kefa"
"403","Ethiopia","Kelem Welega"
"404","Ethiopia","Kemashi"
"405","Ethiopia","Kembata"
"406","Ethiopia","Kilbati (Zone 2)"
"407","Ethiopia","Kirkos"
"408","Ethiopia","Kolfe Keraniyo"
"409","Ethiopia","Kombolcha Town"
"410","Ethiopia","Konso"
"411","Ethiopia","Konta Sp. Woreda"
"412","Ethiopia","Korahe (Keberidehar)"
"413","Ethiopia","Lemi Kura"
"414","Ethiopia","Liben"
"415","Ethiopia","Lideta"
"416","Ethiopia","Mao Komo Sp. Woreda"
"417","Ethiopia","Mareko Special Woreda"
"418","Ethiopia","Maya Town"
"419","Ethiopia","Mejenger"
"420","Ethiopia","Mekele Special Zone"
"421","Ethiopia","Metekel"
"422","Ethiopia","Metu Town"
"423","Ethiopia","Mojo Town"
"424","Ethiopia","Moyale Town"
"425","Ethiopia","Nefas Silk-Lafto"
"426","Ethiopia","Nejo Town"
"427","Ethiopia","Nekemte Town"
"428","Ethiopia","North Gondar"
"429","Ethiopia","North Shewa (Amhara)"
"430","Ethiopia","North Shewa (Oromia)"
"431","Ethiopia","North Western Tigray"
"432","Ethiopia","North Wolo"
"433","Ethiopia","Northern Sidama"
"434","Ethiopia","Nuwer"
"435","Ethiopia","Oromiya Zone"
"436","Ethiopia","Robe Town"
"437","Ethiopia","Sendafa Bake Town"
"438","Ethiopia","Shashemene Town"
"439","Ethiopia","Shebele (Gode)"
"440","Ethiopia","Sheger City"
"441","Ethiopia","Sheka"
"442","Ethiopia","Silti"
"443","Ethiopia","Siti (Shinile)"
"444","Ethiopia","South Eastern Tigray"
"445","Ethiopia","South Gondar"
"446","Ethiopia","South Omo"
"447","Ethiopia","South Tigray"
"448","Ethiopia","South West Shewa"
"449","Ethiopia","South Wolo"
"450","Ethiopia","Southern Sidama"
"451","Ethiopia","Tembaro Special Woreda"
"452","Ethiopia","Wag Himra"
"453","Ethiopia","West Arsi"
"454","Ethiopia","West Gojam"
"455","Ethiopia","West Gondar"
"456","Ethiopia","West Guji"
"457","Ethiopia","West Hararge"
"458","Ethiopia","West Omo"
"459","Ethiopia","West Shewa"
"460","Ethiopia","West Welega"
"461","Ethiopia","Western Tigray"
"462","Ethiopia","Wolayita"
"463","Ethiopia","Woldiya Town"
"464","Ethiopia","Woliso Town"
"465","Ethiopia","Yeka"
"466","Ethiopia","Yem"
"467","Ethiopia",NA
"468","Ghana","_Military Ghana"
"469","Ghana","Ahafo Region"
"470","Ghana","Ashanti Region"
"471","Ghana","Data reported above PSNU Level"
"472","Ghana","Eastern Region"
"473","Ghana","Greater Accra Region"
"474","Ghana","Western North Region"
"475","Ghana","Western Region"
"476","Ghana",NA
"477","Guatemala","_Military Guatemala"
"478","Guatemala","Guatemala"
"479","Guatemala",NA
"480","Guyana","Guyana"
"481","Guyana",NA
"482","Haiti","Artibonite"
"483","Haiti","Centre"
"484","Haiti","Data reported above PSNU Level"
"485","Haiti","Grande-Anse"
"486","Haiti","Nippes"
"487","Haiti","Nord"
"488","Haiti","Nord-Est"
"489","Haiti","Nord-Ouest"
"490","Haiti","Ouest"
"491","Haiti","Sud"
"492","Haiti","Sud-Est"
"493","Haiti",NA
"494","Honduras","_Military Honduras"
"495","Honduras","Honduras"
"496","Honduras",NA
"497","India","Andhra Pradesh"
"498","India","Chandigarh"
"499","India","Data reported above PSNU Level"
"500","India","Karnataka"
"501","India","Maharashtra"
"502","India","Manipur"
"503","India","Mizoram"
"504","India","Nagaland"
"505","India","National capital Territiory of Delhi"
"506","India","Tamil Nadu"
"507","India","Telangana"
"508","India","Uttar Pradesh"
"509","India","West Bengal"
"510","India",NA
"511","Indonesia","Bekasi"
"512","Indonesia","Bekasi City"
"513","Indonesia","Bogor"
"514","Indonesia","Bogor City"
"515","Indonesia","Central Jakarta"
"516","Indonesia","Depok City"
"517","Indonesia","East Jakarta"
"518","Indonesia","North Jakarta"
"519","Indonesia","South Jakarta"
"520","Indonesia","South Tangerang City"
"521","Indonesia","Tangerang"
"522","Indonesia","Tangerang City"
"523","Indonesia","West Jakarta"
"524","Indonesia",NA
"525","Jamaica","_Military Jamaica"
"526","Jamaica","Jamaica"
"527","Jamaica",NA
"528","Kazakhstan","Data reported above PSNU Level"
"529","Kazakhstan","Eastern-Kazakhstan Oblast"
"530","Kazakhstan","Pavlodar Oblast"
"531","Kazakhstan",NA
"532","Kenya","_Military Kenya"
"533","Kenya","Baringo County"
"534","Kenya","Bomet County"
"535","Kenya","Bungoma County"
"536","Kenya","Busia County"
"537","Kenya","Data reported above PSNU Level"
"538","Kenya","Elgeyo-Marakwet County"
"539","Kenya","Embu County"
"540","Kenya","Garissa County"
"541","Kenya","Homa Bay County"
"542","Kenya","Isiolo County"
"543","Kenya","Kajiado County"
"544","Kenya","Kakamega County"
"545","Kenya","Kericho County"
"546","Kenya","Kiambu County"
"547","Kenya","Kilifi County"
"548","Kenya","Kirinyaga County"
"549","Kenya","Kisii County"
"550","Kenya","Kisumu County"
"551","Kenya","Kitui County"
"552","Kenya","Kwale County"
"553","Kenya","Laikipia County"
"554","Kenya","Lamu County"
"555","Kenya","Machakos County"
"556","Kenya","Makueni County"
"557","Kenya","Mandera County"
"558","Kenya","Marsabit County"
"559","Kenya","Meru County"
"560","Kenya","Migori County"
"561","Kenya","Mombasa County"
"562","Kenya","Muranga County"
"563","Kenya","Nairobi County"
"564","Kenya","Nakuru County"
"565","Kenya","Nandi County"
"566","Kenya","Narok County"
"567","Kenya","Nyamira County"
"568","Kenya","Nyandarua County"
"569","Kenya","Nyeri County"
"570","Kenya","Samburu County"
"571","Kenya","Siaya County"
"572","Kenya","Taita Taveta County"
"573","Kenya","Tana River County"
"574","Kenya","Tharaka Nithi County"
"575","Kenya","Trans-Nzoia County"
"576","Kenya","Turkana County"
"577","Kenya","Uasin Gishu County"
"578","Kenya","Vihiga County"
"579","Kenya","Wajir County"
"580","Kenya","West Pokot County"
"581","Kenya",NA
"582","Kyrgyzstan","Bishkek"
"583","Kyrgyzstan","Chui Oblast"
"584","Kyrgyzstan","Data reported above PSNU Level"
"585","Kyrgyzstan","Issyk-Kul Oblast"
"586","Kyrgyzstan","Osh"
"587","Kyrgyzstan","Osh Oblast"
"588","Kyrgyzstan",NA
"589","Laos","Laos"
"590","Laos",NA
"591","Lesotho","_Military Lesotho"
"592","Lesotho","Berea"
"593","Lesotho","Butha Buthe"
"594","Lesotho","Data reported above PSNU Level"
"595","Lesotho","Leribe"
"596","Lesotho","Mafeteng"
"597","Lesotho","Maseru"
"598","Lesotho","Mohale's Hoek"
"599","Lesotho","Mokhotlong"
"600","Lesotho","Qacha's Nek"
"601","Lesotho","Quthing"
"602","Lesotho","Thaba Tseka"
"603","Lesotho",NA
"604","Liberia","_Military Liberia"
"605","Liberia","Data reported above PSNU Level"
"606","Liberia","Grand Bassa County"
"607","Liberia","Margibi County"
"608","Liberia","Maryland County"
"609","Liberia","Montserrado County"
"610","Liberia","Nimba County"
"611","Liberia",NA
"612","Malawi","_Military Malawi"
"613","Malawi","Balaka District"
"614","Malawi","Blantyre District"
"615","Malawi","Chikwawa District"
"616","Malawi","Chiradzulu District"
"617","Malawi","Chitipa District"
"618","Malawi","Data reported above PSNU Level"
"619","Malawi","Dedza District"
"620","Malawi","Dowa District"
"621","Malawi","Karonga District"
"622","Malawi","Kasungu District"
"623","Malawi","Likoma District"
"624","Malawi","Lilongwe District"
"625","Malawi","Machinga District"
"626","Malawi","Mangochi District"
"627","Malawi","Mchinji District"
"628","Malawi","Mulanje District"
"629","Malawi","Mwanza District"
"630","Malawi","Mzimba District"
"631","Malawi","Neno District"
"632","Malawi","Nkhata Bay District"
"633","Malawi","Nkhotakota District"
"634","Malawi","Nsanje District"
"635","Malawi","Ntcheu District"
"636","Malawi","Ntchisi District"
"637","Malawi","Phalombe District"
"638","Malawi","Rumphi District"
"639","Malawi","Salima District"
"640","Malawi","Thyolo District"
"641","Malawi","Zomba District"
"642","Malawi",NA
"643","Mali","_Military Mali"
"644","Mali","Bamako"
"645","Mali","Data reported above PSNU Level"
"646","Mali","Kayes"
"647","Mali","Koulikoro"
"648","Mali","Mopti"
"649","Mali","Ségou"
"650","Mali","Sikasso"
"651","Mali",NA
"652","Mozambique","_Military Mozambique"
"653","Mozambique","Cabo Delgado"
"654","Mozambique","Cidade De Maputo"
"655","Mozambique","Data reported above PSNU Level"
"656","Mozambique","Gaza"
"657","Mozambique","Inhambane"
"658","Mozambique","Manica"
"659","Mozambique","Maputo"
"660","Mozambique","Nampula"
"661","Mozambique","Niassa"
"662","Mozambique","Sofala"
"663","Mozambique","Tete"
"664","Mozambique","Zambezia"
"665","Mozambique",NA
"666","Namibia","_Nambia TBD SNU1"
"667","Namibia","Data reported above PSNU Level"
"668","Namibia","Erongo"
"669","Namibia","Hardap"
"670","Namibia","Karas"
"671","Namibia","Kavango East"
"672","Namibia","Kavango West"
"673","Namibia","Khomas"
"674","Namibia","Kunene"
"675","Namibia","Ohangwena"
"676","Namibia","Omaheke"
"677","Namibia","Omusati"
"678","Namibia","Oshana"
"679","Namibia","Oshikoto"
"680","Namibia","Otjozondjupa"
"681","Namibia","Zambezi"
"682","Namibia",NA
"683","Nepal","Bagmati Province"
"684","Nepal","Gandaki Province"
"685","Nepal","Koshi Province"
"686","Nepal","Lumbini Province"
"687","Nepal","Madhesh Province"
"688","Nepal","Sudurpaschim Province"
"689","Nepal",NA
"690","Nicaragua","Nicaragua"
"691","Nicaragua",NA
"692","Nigeria","_Military Nigeria"
"693","Nigeria","Abia"
"694","Nigeria","Adamawa"
"695","Nigeria","Akwa Ibom"
"696","Nigeria","Anambra"
"697","Nigeria","Bauchi"
"698","Nigeria","Bayelsa"
"699","Nigeria","Benue"
"700","Nigeria","Borno"
"701","Nigeria","Cross River"
"702","Nigeria","Delta"
"703","Nigeria","Ebonyi"
"704","Nigeria","Edo"
"705","Nigeria","Ekiti"
"706","Nigeria","Enugu"
"707","Nigeria","FCT"
"708","Nigeria","Gombe"
"709","Nigeria","Imo"
"710","Nigeria","Jigawa"
"711","Nigeria","Kaduna"
"712","Nigeria","Kano"
"713","Nigeria","Katsina"
"714","Nigeria","Kebbi"
"715","Nigeria","Kogi"
"716","Nigeria","Kwara"
"717","Nigeria","Lagos"
"718","Nigeria","Nasarawa"
"719","Nigeria","Niger"
"720","Nigeria","Ogun"
"721","Nigeria","Ondo"
"722","Nigeria","Osun"
"723","Nigeria","Oyo"
"724","Nigeria","Plateau"
"725","Nigeria","Rivers"
"726","Nigeria","Sokoto"
"727","Nigeria","Taraba"
"728","Nigeria","Yobe"
"729","Nigeria","Zamfara"
"730","Nigeria",NA
"731","Panama","Panama"
"732","Panama",NA
"733","Papua New Guinea","National Capital District"
"734","Papua New Guinea",NA
"735","Peru","Peru"
"736","Peru",NA
"737","Philippines","Philippines"
"738","Philippines",NA
"739","Rwanda","_Military Rwanda"
"740","Rwanda","Data reported above PSNU Level"
"741","Rwanda","East"
"742","Rwanda","Kigali City"
"743","Rwanda","North"
"744","Rwanda","South"
"745","Rwanda","West"
"746","Rwanda",NA
"747","Senegal","_Military Senegal"
"748","Senegal","Dakar"
"749","Senegal","Data reported above PSNU Level"
"750","Senegal","Kaolack"
"751","Senegal","Kolda"
"752","Senegal","Saint-Louis"
"753","Senegal","Sedhiou"
"754","Senegal","Thiès"
"755","Senegal","Ziguinchor"
"756","Senegal",NA
"757","Sierra Leone","Bo District"
"758","Sierra Leone","Bombali"
"759","Sierra Leone","Bonthe"
"760","Sierra Leone","Data reported above PSNU Level"
"761","Sierra Leone","Kailahun"
"762","Sierra Leone","Kambia"
"763","Sierra Leone","Kenema"
"764","Sierra Leone","Koinadugu"
"765","Sierra Leone","Kono"
"766","Sierra Leone","Moyamba"
"767","Sierra Leone","Port Loko"
"768","Sierra Leone","Tonkolili"
"769","Sierra Leone","Western Area Rural"
"770","Sierra Leone","Western Area Urban"
"771","Sierra Leone",NA
"772","South Africa","Data reported above PSNU Level"
"773","South Africa","ec Alfred Nzo District Municipality"
"774","South Africa","ec Amathole District Municipality"
"775","South Africa","ec Buffalo City Metropolitan Municipality"
"776","South Africa","ec Chris Hani District Municipality"
"777","South Africa","ec Joe Gqabi District Municipality"
"778","South Africa","ec Nelson Mandela Bay Municipality"
"779","South Africa","ec Oliver Tambo District Municipality"
"780","South Africa","ec Sarah Baartman District Municipality"
"781","South Africa","fs Fezile Dabi District Municipality"
"782","South Africa","fs Lejweleputswa District Municipality"
"783","South Africa","fs Mangaung Metropolitan Municipality"
"784","South Africa","fs Thabo Mofutsanyane District Municipality"
"785","South Africa","fs Xhariep District Municipality"
"786","South Africa","gp City of Johannesburg Metropolitan Municipality"
"787","South Africa","gp City of Tshwane Metropolitan Municipality"
"788","South Africa","gp Ekurhuleni Metropolitan Municipality"
"789","South Africa","gp Sedibeng District Municipality"
"790","South Africa","gp West Rand District Municipality"
"791","South Africa","kz Amajuba District Municipality"
"792","South Africa","kz eThekwini Metropolitan Municipality"
"793","South Africa","kz Harry Gwala District Municipality"
"794","South Africa","kz iLembe District Municipality"
"795","South Africa","kz King Cetshwayo District Municipality"
"796","South Africa","kz Ugu District Municipality"
"797","South Africa","kz uMgungundlovu District Municipality"
"798","South Africa","kz Umkhanyakude District Municipality"
"799","South Africa","kz Umzinyathi District Municipality"
"800","South Africa","kz Uthukela District Municipality"
"801","South Africa","kz Zululand District Municipality"
"802","South Africa","lp Capricorn District Municipality"
"803","South Africa","lp Mopani District Municipality"
"804","South Africa","lp Sekhukhune District Municipality"
"805","South Africa","lp Vhembe District Municipality"
"806","South Africa","lp Waterberg District Municipality"
"807","South Africa","mp Ehlanzeni District Municipality"
"808","South Africa","mp Gert Sibande District Municipality"
"809","South Africa","mp Nkangala District Municipality"
"810","South Africa","nc Frances Baard District Municipality"
"811","South Africa","nc John Taolo Gaetsewe District Municipality"
"812","South Africa","nc Namakwa District Municipality"
"813","South Africa","nc Pixley ka Seme District Municipality"
"814","South Africa","nc Zwelentlanga Fatman Mgcawu District Municipality"
"815","South Africa","nw Bojanala Platinum District Municipality"
"816","South Africa","nw Dr Kenneth Kaunda District Municipality"
"817","South Africa","nw Dr Ruth Segomotsi Mompati District Municipality"
"818","South Africa","nw Ngaka Modiri Molema District Municipality"
"819","South Africa","wc Cape Winelands District Municipality"
"820","South Africa","wc Central Karoo District Municipality"
"821","South Africa","wc City of Cape Town Metropolitan Municipality"
"822","South Africa","wc Garden Route District Municipality"
"823","South Africa","wc Overberg District Municipality"
"824","South Africa","wc West Coast District Municipality"
"825","South Africa",NA
"826","South Sudan","_Military South Sudan"
"827","South Sudan","Data reported above PSNU Level"
"828","South Sudan","Ezo County"
"829","South Sudan","Ikotos County"
"830","South Sudan","Juba County"
"831","South Sudan","KajoKeji County"
"832","South Sudan","Kapoeta East County"
"833","South Sudan","Kapoeta North County"
"834","South Sudan","Kapoeta South County"
"835","South Sudan","Lainya County"
"836","South Sudan","Magwi County"
"837","South Sudan","Maridi County"
"838","South Sudan","Morobo County"
"839","South Sudan","Mundri East County"
"840","South Sudan","Mundri West County"
"841","South Sudan","Mvolo County"
"842","South Sudan","Nagero County"
"843","South Sudan","Nzara County"
"844","South Sudan","Rumbek Centre County"
"845","South Sudan","Rumbek East County"
"846","South Sudan","South Bor County"
"847","South Sudan","Tambura County"
"848","South Sudan","Torit County"
"849","South Sudan","Wau County"
"850","South Sudan","Yambio County"
"851","South Sudan","Yei County"
"852","South Sudan","Yirol East County"
"853","South Sudan","Yirol West County"
"854","South Sudan",NA
"855","Tajikistan","Data reported above PSNU Level"
"856","Tajikistan","Districts of Republican Subordination"
"857","Tajikistan","Dushanbe"
"858","Tajikistan","Sughd Oblast"
"859","Tajikistan",NA
"860","Tanzania","_Military Tanzania"
"861","Tanzania","Arusha"
"862","Tanzania","Dar es Salaam"
"863","Tanzania","Data reported above PSNU Level"
"864","Tanzania","Dodoma"
"865","Tanzania","Geita"
"866","Tanzania","Iringa"
"867","Tanzania","Kagera"
"868","Tanzania","Kaskazini Pemba"
"869","Tanzania","Kaskazini Unguja"
"870","Tanzania","Katavi"
"871","Tanzania","Kigoma"
"872","Tanzania","Kilimanjaro"
"873","Tanzania","Kusini Pemba"
"874","Tanzania","Kusini Unguja"
"875","Tanzania","Lindi"
"876","Tanzania","Manyara"
"877","Tanzania","Mara"
"878","Tanzania","Mbeya"
"879","Tanzania","Mjini Magharibi"
"880","Tanzania","Morogoro"
"881","Tanzania","Mtwara"
"882","Tanzania","Mwanza"
"883","Tanzania","Njombe"
"884","Tanzania","Pwani"
"885","Tanzania","Rukwa"
"886","Tanzania","Ruvuma"
"887","Tanzania","Shinyanga"
"888","Tanzania","Simiyu"
"889","Tanzania","Singida"
"890","Tanzania","Songwe"
"891","Tanzania","Tabora"
"892","Tanzania","Tanga"
"893","Tanzania",NA
"894","Thailand","Thailand"
"895","Thailand",NA
"896","Togo","CENTRALE"
"897","Togo","GRAND LOME"
"898","Togo","MARITIME"
"899","Togo","PLATEAUX"
"900","Togo",NA
"901","Trinidad and Tobago","Trinidad and Tobago"
"902","Trinidad and Tobago",NA
"903","Uganda","_Military Uganda"
"904","Uganda","Abim District"
"905","Uganda","Adjumani District"
"906","Uganda","Agago District"
"907","Uganda","Alebtong District"
"908","Uganda","Amolatar District"
"909","Uganda","Amudat District"
"910","Uganda","Amuria District"
"911","Uganda","Amuru District"
"912","Uganda","Apac District"
"913","Uganda","Arua City"
"914","Uganda","Arua District"
"915","Uganda","Budaka District"
"916","Uganda","Bududa District"
"917","Uganda","Bugiri District"
"918","Uganda","Bugweri District"
"919","Uganda","Buhweju District"
"920","Uganda","Buikwe District"
"921","Uganda","Bukedea District"
"922","Uganda","Bukomansimbi District"
"923","Uganda","Bukwo District"
"924","Uganda","Bulambuli District"
"925","Uganda","Buliisa District"
"926","Uganda","Bundibugyo District"
"927","Uganda","Bunyangabu District"
"928","Uganda","Bushenyi District"
"929","Uganda","Busia District"
"930","Uganda","Butaleja District"
"931","Uganda","Butambala District"
"932","Uganda","Butebo District"
"933","Uganda","Buvuma District"
"934","Uganda","Buyende District"
"935","Uganda","Data reported above PSNU Level"
"936","Uganda","Dokolo District"
"937","Uganda","Fort Portal City"
"938","Uganda","Gomba District"
"939","Uganda","Gulu City"
"940","Uganda","Gulu District"
"941","Uganda","Hoima City"
"942","Uganda","Hoima District"
"943","Uganda","Ibanda District"
"944","Uganda","Iganga District"
"945","Uganda","Isingiro District"
"946","Uganda","Jinja City"
"947","Uganda","Jinja District"
"948","Uganda","Kaabong District"
"949","Uganda","Kabale District"
"950","Uganda","Kabarole District"
"951","Uganda","Kaberamaido District"
"952","Uganda","Kagadi District"
"953","Uganda","Kakumiro District"
"954","Uganda","Kalaki District"
"955","Uganda","Kalangala District"
"956","Uganda","Kaliro District"
"957","Uganda","Kalungu District"
"958","Uganda","Kampala District"
"959","Uganda","Kamuli District"
"960","Uganda","Kamwenge District"
"961","Uganda","Kanungu District"
"962","Uganda","Kapchorwa District"
"963","Uganda","Kapelebyong District"
"964","Uganda","Karenga District"
"965","Uganda","Kasese District"
"966","Uganda","Kassanda District"
"967","Uganda","Katakwi District"
"968","Uganda","Kayunga District"
"969","Uganda","Kazo District"
"970","Uganda","Kibaale District"
"971","Uganda","Kiboga District"
"972","Uganda","Kibuku District"
"973","Uganda","Kikuube District"
"974","Uganda","Kiruhura District"
"975","Uganda","Kiryandongo District"
"976","Uganda","Kisoro District"
"977","Uganda","Kitagwenda District"
"978","Uganda","Kitgum District"
"979","Uganda","Koboko District"
"980","Uganda","Kole District"
"981","Uganda","Kotido District"
"982","Uganda","Kumi District"
"983","Uganda","Kwania District"
"984","Uganda","Kween District"
"985","Uganda","Kyankwanzi District"
"986","Uganda","Kyegegwa District"
"987","Uganda","Kyenjojo District"
"988","Uganda","Kyotera District"
"989","Uganda","Lamwo District"
"990","Uganda","Lira City"
"991","Uganda","Lira District"
"992","Uganda","Luuka District"
"993","Uganda","Luwero District"
"994","Uganda","Lwengo District"
"995","Uganda","Lyantonde District"
"996","Uganda","Madi-Okollo District"
"997","Uganda","Manafwa District"
"998","Uganda","Maracha District"
"999","Uganda","Masaka City"
"1000","Uganda","Masaka District"
"1001","Uganda","Masindi District"
"1002","Uganda","Mayuge District"
"1003","Uganda","Mbale City"
"1004","Uganda","Mbale District"
"1005","Uganda","Mbarara City"
"1006","Uganda","Mbarara District"
"1007","Uganda","Mitooma District"
"1008","Uganda","Mityana District"
"1009","Uganda","Moroto District"
"1010","Uganda","Moyo District"
"1011","Uganda","Mpigi District"
"1012","Uganda","Mubende District"
"1013","Uganda","Mukono District"
"1014","Uganda","Nabilatuk District"
"1015","Uganda","Nakapiripirit District"
"1016","Uganda","Nakaseke District"
"1017","Uganda","Nakasongola District"
"1018","Uganda","Namayingo District"
"1019","Uganda","Namisindwa District"
"1020","Uganda","Namutumba District"
"1021","Uganda","Napak District"
"1022","Uganda","Nebbi District"
"1023","Uganda","Ngora District"
"1024","Uganda","Ntoroko District"
"1025","Uganda","Ntungamo District"
"1026","Uganda","Nwoya District"
"1027","Uganda","Obongi District"
"1028","Uganda","Omoro District"
"1029","Uganda","Otuke District"
"1030","Uganda","Oyam District"
"1031","Uganda","Pader District"
"1032","Uganda","Pakwach District"
"1033","Uganda","Pallisa District"
"1034","Uganda","Rakai District"
"1035","Uganda","Rubanda District"
"1036","Uganda","Rubirizi District"
"1037","Uganda","Rukiga District"
"1038","Uganda","Rukungiri District"
"1039","Uganda","Rwampara District"
"1040","Uganda","Sembabule District"
"1041","Uganda","Serere District"
"1042","Uganda","Sheema District"
"1043","Uganda","Sironko District"
"1044","Uganda","Soroti City"
"1045","Uganda","Soroti District"
"1046","Uganda","Terego District"
"1047","Uganda","Tororo District"
"1048","Uganda","Wakiso District"
"1049","Uganda","Yumbe District"
"1050","Uganda","Zombo District"
"1051","Uganda",NA
"1052","Ukraine","_Military Ukraine"
"1053","Ukraine","Cherkaska Oblast"
"1054","Ukraine","Chernihivska Oblast"
"1055","Ukraine","Chernivetska Oblast"
"1056","Ukraine","Data reported above PSNU Level"
"1057","Ukraine","Dnipropetrovska Oblast"
"1058","Ukraine","Donetska Oblast"
"1059","Ukraine","Ivano-Frankivska Oblast"
"1060","Ukraine","Kharkivska Oblast"
"1061","Ukraine","Khersonska Oblast"
"1062","Ukraine","Khmelnytska Oblast"
"1063","Ukraine","Kirovohradska Oblast"
"1064","Ukraine","Kyiv city"
"1065","Ukraine","Kyivska Oblast"
"1066","Ukraine","Luhanska Oblast"
"1067","Ukraine","Lvivska Oblast"
"1068","Ukraine","Mykolaivska Oblast"
"1069","Ukraine","Odeska Oblast"
"1070","Ukraine","Poltavska Oblast"
"1071","Ukraine","Rivnenska Oblast"
"1072","Ukraine","Sumska Oblast"
"1073","Ukraine","Ternopilska Oblast"
"1074","Ukraine","Vinnytska Oblast"
"1075","Ukraine","Volynska Oblast"
"1076","Ukraine","Zakarpatska Oblast"
"1077","Ukraine","Zaporizka Oblast"
"1078","Ukraine","Zhytomyrska Oblast"
"1079","Ukraine",NA
"1080","Vietnam","_Military Vietnam"
"1081","Vietnam","An Giang"
"1082","Vietnam","Ba Ria-Vung Tau"
"1083","Vietnam","Bac Giang"
"1084","Vietnam","Bac Lieu"
"1085","Vietnam","Ben Tre"
"1086","Vietnam","Binh Duong"
"1087","Vietnam","Binh Phuoc"
"1088","Vietnam","Ca Mau"
"1089","Vietnam","Can Tho"
"1090","Vietnam","Cao Bang"
"1091","Vietnam","Da Nang"
"1092","Vietnam","Data reported above PSNU Level"
"1093","Vietnam","Dien Bien"
"1094","Vietnam","Dong Nai"
"1095","Vietnam","Dong Thap"
"1096","Vietnam","Ha Noi"
"1097","Vietnam","Hai Duong"
"1098","Vietnam","Hai Phong"
"1099","Vietnam","Hau Giang"
"1100","Vietnam","Ho Chi Minh City"
"1101","Vietnam","Khanh Hoa"
"1102","Vietnam","Kien Giang"
"1103","Vietnam","Lai Chau"
"1104","Vietnam","Lam Dong"
"1105","Vietnam","Long An"
"1106","Vietnam","Nam Dinh"
"1107","Vietnam","Nghe An"
"1108","Vietnam","Ninh Binh"
"1109","Vietnam","Ninh Thuan"
"1110","Vietnam","Quang Ninh"
"1111","Vietnam","Soc Trang"
"1112","Vietnam","Son La"
"1113","Vietnam","Tay Ninh"
"1114","Vietnam","Thai Binh"
"1115","Vietnam","Thai Nguyen"
"1116","Vietnam","Thanh Hoa"
"1117","Vietnam","Thua Thien-Hue"
"1118","Vietnam","Tien Giang"
"1119","Vietnam","Tra Vinh"
"1120","Vietnam","Vinh Long"
"1121","Vietnam",NA
"1122","Zambia","_Military Zambia"
"1123","Zambia","Chadiza District"
"1124","Zambia","Chama District"
"1125","Zambia","Chasefu District"
"1126","Zambia","Chavuma District"
"1127","Zambia","Chembe District"
"1128","Zambia","Chibombo District"
"1129","Zambia","Chienge District"
"1130","Zambia","Chifunabuli District"
"1131","Zambia","Chikankata District"
"1132","Zambia","Chilanga District"
"1133","Zambia","Chililabombwe District"
"1134","Zambia","Chilubi District"
"1135","Zambia","Chingola District"
"1136","Zambia","Chinsali District"
"1137","Zambia","Chipangali District"
"1138","Zambia","Chipata District"
"1139","Zambia","Chipili District"
"1140","Zambia","Chirundu District"
"1141","Zambia","Chisamba District"
"1142","Zambia","Chitambo District"
"1143","Zambia","Choma District"
"1144","Zambia","Chongwe District"
"1145","Zambia","Data reported above PSNU Level"
"1146","Zambia","Gwembe District"
"1147","Zambia","Ikelenge District"
"1148","Zambia","Isoka District"
"1149","Zambia","Itezhi-tezhi District"
"1150","Zambia","Kabompo District"
"1151","Zambia","Kabwe District"
"1152","Zambia","Kafue District"
"1153","Zambia","Kalabo District"
"1154","Zambia","Kalomo District"
"1155","Zambia","Kalulushi District"
"1156","Zambia","Kalumbila District"
"1157","Zambia","Kanchibiya District"
"1158","Zambia","Kaoma District"
"1159","Zambia","Kapiri-Mposhi District"
"1160","Zambia","Kaputa District"
"1161","Zambia","Kasama District"
"1162","Zambia","Kasempa District"
"1163","Zambia","Kasenengwa District"
"1164","Zambia","Katete District"
"1165","Zambia","Kawambwa District"
"1166","Zambia","Kazungula District"
"1167","Zambia","Kitwe District"
"1168","Zambia","Lavushimanda District"
"1169","Zambia","Limulunga District"
"1170","Zambia","Livingstone District"
"1171","Zambia","Luampa District"
"1172","Zambia","Luangwa District"
"1173","Zambia","Luano District"
"1174","Zambia","Luanshya District"
"1175","Zambia","Lufwanyama District"
"1176","Zambia","Lukulu District"
"1177","Zambia","Lumezi District"
"1178","Zambia","Lundazi District"
"1179","Zambia","Lunga District"
"1180","Zambia","Lunte District"
"1181","Zambia","Lupososhi District"
"1182","Zambia","Lusaka District"
"1183","Zambia","Lusangazi District"
"1184","Zambia","Luwingu District"
"1185","Zambia","Mafinga District"
"1186","Zambia","Mambwe District"
"1187","Zambia","Mansa District"
"1188","Zambia","Manyinga District"
"1189","Zambia","Masaiti District"
"1190","Zambia","Mazabuka District"
"1191","Zambia","Mbala District"
"1192","Zambia","Milenge District"
"1193","Zambia","Mitete District"
"1194","Zambia","Mkushi District"
"1195","Zambia","Mongu District"
"1196","Zambia","Monze District"
"1197","Zambia","Mpika District"
"1198","Zambia","Mpongwe District"
"1199","Zambia","Mporokoso District"
"1200","Zambia","Mpulungu District"
"1201","Zambia","Mufulira District"
"1202","Zambia","Mufumbwe District"
"1203","Zambia","Mulobezi District"
"1204","Zambia","Mumbwa District"
"1205","Zambia","Mungwi District"
"1206","Zambia","Mushindamo District"
"1207","Zambia","Mwandi District"
"1208","Zambia","Mwansabombwe District"
"1209","Zambia","Mwense District"
"1210","Zambia","Mwinilunga District"
"1211","Zambia","Nakonde District"
"1212","Zambia","Nalolo District"
"1213","Zambia","Namwala District"
"1214","Zambia","Nchelenge District"
"1215","Zambia","Ndola District"
"1216","Zambia","Ngabwe District"
"1217","Zambia","Nkeyema District"
"1218","Zambia","Nsama District"
"1219","Zambia","Nyimba District"
"1220","Zambia","Pemba District"
"1221","Zambia","Petauke District"
"1222","Zambia","Rufunsa District"
"1223","Zambia","Samfya District"
"1224","Zambia","Senanga District"
"1225","Zambia","Senga District"
"1226","Zambia","Serenje District"
"1227","Zambia","Sesheke District"
"1228","Zambia","Shang'ombo District"
"1229","Zambia","Shibuyunji District"
"1230","Zambia","Shiwang'andu District"
"1231","Zambia","Siavonga District"
"1232","Zambia","Sikongo District"
"1233","Zambia","Sinazongwe District"
"1234","Zambia","Sinda District"
"1235","Zambia","Sioma District"
"1236","Zambia","Solwezi District"
"1237","Zambia","Vubwi District"
"1238","Zambia","Zambezi District"
"1239","Zambia","Zimba District"
"1240","Zambia",NA
"1241","Zimbabwe","_Military Zimbabwe"
"1242","Zimbabwe","Bulawayo"
"1243","Zimbabwe","Data reported above PSNU Level"
"1244","Zimbabwe","Harare"
"1245","Zimbabwe","Manicaland"
"1246","Zimbabwe","Mashonaland Central"
"1247","Zimbabwe","Mashonaland East"
"1248","Zimbabwe","Mashonaland West"
"1249","Zimbabwe","Masvingo"
"1250","Zimbabwe","Matabeleland North"
"1251","Zimbabwe","Matabeleland South"
"1252","Zimbabwe","Midlands"
"1253","Zimbabwe",NA
